number,email,password
1,lstaf@optonline.net,166311
2,boein@comcast.net,140257
3,maratb@msn.com,123880
4,sakusha@verizon.net,157753
5,dcoppit@comcast.net,117858
6,sarahs@msn.com,150779
7,csilvers@hotmail.com,159226
8,barnett@msn.com,133129
9,andrei@comcast.net,183785
10,pplinux@outlook.com,182183
11,report@live.com,105319
12,ournews@hotmail.com,123690
13,microfab@verizon.net,106007
14,amimojo@gmail.com,182055
15,fwitness@comcast.net,140941
16,mhassel@aol.com,183532
17,joelw@icloud.com,104175
18,agapow@att.net,133144
19,tjensen@msn.com,175403
20,johnh@comcast.net,132368
21,slaff@sbcglobal.net,187255
22,kohlis@icloud.com,106680
23,gomor@att.net,128161
24,pemungkah@verizon.net,113360
25,demmel@mac.com,105621
26,crandall@yahoo.com,100884
27,mhanoh@outlook.com,177849
28,benits@live.com,123092
29,jfmulder@me.com,151186
30,cameron@msn.com,153194
31,crusader@verizon.net,177262
32,tedrlord@outlook.com,173588
33,gavinls@icloud.com,118630
34,cvrcek@sbcglobal.net,155385
35,mbrown@comcast.net,169992
36,yamla@icloud.com,162469
37,marnanel@aol.com,100221
38,malin@verizon.net,128872
39,jamuir@mac.com,181010
40,xnormal@me.com,196941
41,ngedmond@att.net,181853
42,tedrlord@hotmail.com,112685
43,arathi@optonline.net,198341
44,jfriedl@optonline.net,197847
45,jshearer@verizon.net,179126
46,frode@icloud.com,127098
47,godeke@hotmail.com,126839
48,meinkej@yahoo.ca,158324
49,frikazoyd@gmail.com,178492
50,gamma@sbcglobal.net,156740
51,a,53
